Company,MAE,R2
AAPL,2.1048607705980196,0.9955178533294712
TSLA,6.559898837101616,0.9880736739323703
GOOG,1.7654607471737767,0.9950662933885808
